{
    "sum": 642914,
    "avr": 556.1539792387543,
    "sumMd": 19138,
    "avrMD": 562.8823529411765,
    "sumSD": 16988,
    "avrSD": 499.6470588235294,
    "max": 998,
    "min": 100
}