{
  "Sum": 1499.7100000000005,
  "min": 0.01,
  "max": 5.98,
  "average": 2.999420000000001
}